-6.566861271858215332e-02,6.144773960113525391e-02,1.200007125735282898e-01,-3.541576862335205078e-02,-1.357308030128479004e-01,-5.494372546672821045e-02,-1.329697221517562866e-01,-7.502808421850204468e-02,1.818784624338150024e-01,-9.906526654958724976e-02,1.376868784427642822e-01,4.365192353725433350e-02,-2.253913730382919312e-01,1.897983253002166748e-02,-1.173746734857559204e-01,2.222374528646469116e-01,-1.965991854667663574e-01,-2.038871645927429199e-01,5.421508103609085083e-05,-2.750002592802047729e-02,2.554678916931152344e-02,1.574085652828216553e-02,4.973050951957702637e-02,1.483007222414016724e-01,-1.627121269702911377e-01,-4.272303879261016846e-01,-7.151253521442413330e-02,-8.702658116817474365e-02,-4.617685079574584961e-02,-7.383482903242111206e-02,-7.733929157257080078e-02,6.023013219237327576e-02,-2.191635519266128540e-01,4.588149487972259521e-02,6.031625717878341675e-02,1.240217685699462891e-01,2.428870648145675659e-02,-5.252642184495925903e-02,1.362335234880447388e-01,1.149755269289016724e-01,-3.172202706336975098e-01,-3.680167347192764282e-02,1.449353545904159546e-01,2.466907799243927002e-01,2.383977919816970825e-01,6.402121484279632568e-02,8.896127343177795410e-02,-6.939706206321716309e-02,1.332885921001434326e-01,-2.599858939647674561e-01,1.158184260129928589e-01,1.962514817714691162e-01,9.955334663391113281e-02,3.769237175583839417e-02,1.353712677955627441e-01,-1.867134720087051392e-01,-4.106477834284305573e-03,7.219701260328292847e-02,-1.041689068078994751e-01,5.908010154962539673e-02,6.686179339885711670e-02,3.316577523946762085e-02,3.651374019682407379e-03,-6.586294621229171753e-02,2.050892412662506104e-01,1.381718367338180542e-01,-9.065502136945724487e-02,-1.524009257555007935e-01,2.106259763240814209e-01,-2.695562541484832764e-01,-1.193401589989662170e-01,4.226336628198623657e-02,-1.279193013906478882e-01,-1.637630164623260498e-01,-3.209353089332580566e-01,-9.948585927486419678e-02,3.972333073616027832e-01,2.112905085086822510e-01,-1.653092801570892334e-01,9.421025961637496948e-02,-3.853520378470420837e-02,-2.251758053898811340e-02,-6.113703129813075066e-04,1.681985706090927124e-01,-5.046102777123451233e-02,1.579686999320983887e-01,-8.817501366138458252e-02,1.373684592545032501e-02,2.518550753593444824e-01,5.253907665610313416e-02,3.862376511096954346e-02,2.218124717473983765e-01,-6.687799468636512756e-03,1.458614785224199295e-02,5.086475238204002380e-02,2.621476724743843079e-02,-1.539533883333206177e-01,-4.076389968395233154e-02,-2.133891731500625610e-01,-1.227018982172012329e-01,-1.072669327259063721e-01,4.004476964473724365e-02,-1.991579309105873108e-02,8.724474906921386719e-02,-2.484216392040252686e-01,1.098290160298347473e-01,-4.118995741009712219e-02,-5.708035081624984741e-02,-6.509645283222198486e-02,1.468430608510971069e-01,-1.018371880054473877e-01,-8.292243629693984985e-02,1.167300418019294739e-01,-1.866965144872665405e-01,1.805990934371948242e-01,1.831675171852111816e-01,4.878500103950500488e-02,8.880741149187088013e-02,5.691177025437355042e-02,7.743369042873382568e-02,-1.084543112665414810e-02,-9.438721090555191040e-02,-9.084717929363250732e-02,-9.249666333198547363e-02,-1.450907438993453979e-02,-1.559454798698425293e-01,5.817282572388648987e-02,2.437314018607139587e-02,0.000000000000000000e+00
-9.408311545848846436e-02,4.203687235713005066e-02,5.616457387804985046e-02,-8.660272508859634399e-02,-1.320310980081558228e-01,-8.308263123035430908e-02,1.005749031901359558e-01,-1.146270930767059326e-01,1.977888047695159912e-01,-8.420178294181823730e-02,8.378238976001739502e-02,-1.266484111547470093e-01,-3.329382538795471191e-01,1.996877416968345642e-02,-5.927319824695587158e-02,1.356676369905471802e-01,-1.408363878726959229e-01,-2.234841585159301758e-01,-1.338356733322143555e-01,-1.273104548454284668e-01,1.596636697649955750e-02,7.000581920146942139e-02,-8.297544717788696289e-02,9.556985646486282349e-02,-1.858298778533935547e-01,-2.289952933788299561e-01,-2.060224488377571106e-02,-8.507663756608963013e-02,3.970191627740859985e-02,-4.656232893466949463e-02,-4.037311300635337830e-03,1.297134310007095337e-01,-1.424474418163299561e-01,-3.019502013921737671e-02,1.094777286052703857e-01,5.851751193404197693e-02,-1.455589383840560913e-02,-1.288103610277175903e-01,2.523621618747711182e-01,1.135869789868593216e-02,-2.992731928825378418e-01,-7.914931327104568481e-02,9.191208332777023315e-02,2.377125471830368042e-01,2.569246292114257812e-01,-4.630390554666519165e-02,-1.370933279395103455e-02,-8.906950801610946655e-02,1.353797316551208496e-01,-3.084316253662109375e-01,-2.094934880733489990e-02,2.160004377365112305e-01,1.099991574883460999e-01,8.583110570907592773e-02,4.772131331264972687e-03,-2.377471625804901123e-01,4.670763388276100159e-03,1.731204092502593994e-01,-2.887754738330841064e-01,2.499993704259395599e-02,1.290444582700729370e-01,-2.265359163284301758e-01,-4.252163320779800415e-02,-2.094818744808435440e-03,1.116000488400459290e-01,3.519056737422943115e-02,-1.539650708436965942e-01,-1.630815267562866211e-01,2.285108268260955811e-01,-2.977411448955535889e-01,-8.306394331157207489e-03,1.095494031906127930e-01,-5.985267832875251770e-02,-2.121118754148483276e-01,-2.098398357629776001e-01,3.037367947399616241e-02,4.042310714721679688e-01,2.703284025192260742e-01,-1.285645961761474609e-01,5.059419572353363037e-02,-9.858115762472152710e-02,3.998734429478645325e-02,7.786939293146133423e-02,1.102196276187896729e-01,-5.279368534684181213e-02,-3.654328733682632446e-02,-8.770866692066192627e-02,7.618855684995651245e-03,1.679749488830566406e-01,-5.533127114176750183e-03,2.542983507737517357e-03,2.590990364551544189e-01,3.590175509452819824e-02,-3.408587351441383362e-02,-1.232473738491535187e-02,3.227534517645835876e-02,-1.441895514726638794e-01,1.997808180749416351e-02,-5.822506546974182129e-02,1.356880180537700653e-03,2.574954926967620850e-02,-1.822921633720397949e-02,1.283440291881561279e-01,1.372388005256652832e-01,-1.599277257919311523e-01,1.888746917247772217e-01,-6.301667541265487671e-02,-2.964540943503379822e-02,-7.123598456382751465e-02,-9.746756404638290405e-02,4.130392149090766907e-02,-1.037791278213262558e-02,1.403564661741256714e-01,-2.610662579536437988e-01,1.105384603142738342e-01,1.570676565170288086e-01,1.010764855891466141e-02,1.797388941049575806e-01,4.267620667815208435e-02,1.329707540571689606e-02,9.419298917055130005e-02,-1.011172682046890259e-01,-1.659282594919204712e-01,-7.337611168622970581e-02,6.552324444055557251e-02,-6.082530692219734192e-02,9.812881052494049072e-02,1.205802708864212036e-02,1.000000000000000000e+00
-7.018157839775085449e-02,2.052568271756172180e-02,7.036613672971725464e-02,-1.292447596788406372e-01,-1.427993774414062500e-01,3.628681227564811707e-02,1.887856423854827881e-02,-4.171341657638549805e-02,1.423635780811309814e-01,-8.115299791097640991e-02,2.317743599414825439e-01,1.107887271791696548e-02,-2.120302319526672363e-01,1.311572548002004623e-02,-1.403142418712377548e-02,4.662849009037017822e-02,-1.250716596841812134e-01,-1.814407408237457275e-01,-2.355277538299560547e-04,-8.430889993906021118e-02,3.536898642778396606e-02,1.362638361752033234e-02,-7.226126641035079956e-02,-1.724619790911674500e-02,-6.871081888675689697e-02,-2.960281372070312500e-01,-1.080895513296127319e-01,-2.581441029906272888e-02,1.661041826009750366e-01,-8.404242992401123047e-02,7.250372320413589478e-02,9.279498457908630371e-02,-1.380774229764938354e-01,-3.970564156770706177e-02,1.538487151265144348e-02,7.915691286325454712e-02,-1.169429570436477661e-01,-8.783633261919021606e-02,2.392938882112503052e-01,2.626764588057994843e-03,-1.215464547276496887e-01,7.828524708747863770e-02,1.402356661856174469e-02,3.029759824275970459e-01,1.614376306533813477e-01,2.451841160655021667e-02,5.528523027896881104e-02,-6.450562179088592529e-02,1.314298510551452637e-01,-3.023955821990966797e-01,8.313703536987304688e-02,1.392454355955123901e-01,1.701644361019134521e-01,8.369125425815582275e-02,5.423901230096817017e-02,-1.974077820777893066e-01,1.056117936968803406e-03,1.275792866945266724e-01,-2.173119932413101196e-01,1.468682140111923218e-01,4.681149497628211975e-02,-1.100001409649848938e-01,2.760821953415870667e-03,-1.252842992544174194e-01,2.040545344352722168e-01,7.887883484363555908e-02,-1.117850244045257568e-01,-1.644131839275360107e-01,2.326204925775527954e-01,-9.820671379566192627e-02,-1.141522675752639771e-01,7.714162021875381470e-02,-1.070780903100967407e-01,-1.240629553794860840e-01,-2.129166573286056519e-01,1.301184743642807007e-01,3.646914064884185791e-01,1.585960984230041504e-01,-1.574406325817108154e-01,5.219861865043640137e-02,-2.998134680092334747e-02,1.883433014154434204e-02,8.273819461464881897e-03,4.359871521592140198e-02,-1.160210594534873962e-01,-7.240472733974456787e-02,-1.149657890200614929e-01,-1.679420284926891327e-02,1.728378683328628540e-01,-8.449647575616836548e-04,-9.588019549846649170e-02,1.588456779718399048e-01,4.323451593518257141e-02,1.186452805995941162e-01,7.442009449005126953e-02,9.270165115594863892e-02,-1.052409335970878601e-01,-6.908840499818325043e-03,-1.882368773221969604e-01,-2.328122593462467194e-02,2.760652452707290649e-03,-8.754589408636093140e-02,2.030320465564727783e-02,1.722880452871322632e-01,-1.096678823232650757e-01,2.863394916057586670e-01,-6.460770964622497559e-02,-7.836548611521720886e-04,-7.442868500947952271e-02,-6.991932634264230728e-03,-3.167984634637832642e-02,6.975723803043365479e-02,1.347611546516418457e-01,-2.953453063964843750e-01,1.979778707027435303e-01,1.570480465888977051e-01,8.826823532581329346e-02,1.757983863353729248e-01,1.192265599966049194e-01,5.139989778399467468e-03,1.558338012546300888e-02,-3.985675424337387085e-02,-2.126636803150177002e-01,-9.847263246774673462e-02,2.496093511581420898e-04,-6.995882373303174973e-03,2.077587135136127472e-02,1.163628548383712769e-01,1.000000000000000000e+01
-1.677355766296386719e-01,5.261344090104103088e-02,5.134113598614931107e-03,-6.035225465893745422e-02,-1.032051295042037964e-01,-8.464505895972251892e-03,-1.496331021189689636e-02,-8.288368582725524902e-02,1.667798906564712524e-01,-1.381135918200016022e-02,1.725064367055892944e-01,-1.089851558208465576e-02,-2.291330546140670776e-01,-1.885661482810974121e-02,-6.475912034511566162e-02,7.016386091709136963e-02,-1.750675588846206665e-01,-1.343739628791809082e-01,-4.606336355209350586e-02,-5.939954519271850586e-02,1.382171083241701126e-02,-4.471781104803085327e-02,4.635849595069885254e-02,1.113600283861160278e-01,-1.552545577287673950e-01,-2.576890587806701660e-01,-1.028472408652305603e-01,-1.523969024419784546e-01,-5.709033086895942688e-02,-5.795467644929885864e-02,3.283532708883285522e-02,2.195267565548419952e-02,-2.193387150764465332e-01,-9.047137945890426636e-02,9.253930300474166870e-03,6.178876385092735291e-02,-1.416296698153018951e-02,1.296635437756776810e-02,1.822820603847503662e-01,-4.708461835980415344e-02,-1.022258996963500977e-01,2.470774576067924500e-02,1.126625388860702515e-01,2.957797348499298096e-01,1.146423071622848511e-01,9.968089312314987183e-02,-4.056556522846221924e-02,-5.772489681839942932e-02,1.079064011573791504e-01,-2.028362452983856201e-01,6.976521760225296021e-02,1.701619327068328857e-01,6.213378533720970154e-02,5.195236951112747192e-02,5.141840130090713501e-02,-1.257557272911071777e-01,9.739580005407333374e-02,1.163028329610824585e-01,-1.886623650789260864e-01,6.294386088848114014e-02,5.779289454221725464e-02,1.299849059432744980e-02,2.799223363399505615e-02,-4.546035081148147583e-02,2.516677677631378174e-01,1.059610247611999512e-01,-9.595431387424468994e-02,-1.138462126255035400e-01,6.024504452943801880e-02,-1.419339179992675781e-01,-4.463654011487960815e-02,3.078438341617584229e-02,-1.520733833312988281e-01,-1.779403835535049438e-01,-2.979572117328643799e-01,7.713074237108230591e-02,4.214052557945251465e-01,1.344771683216094971e-01,-9.796693921089172363e-02,5.530660971999168396e-02,-1.003507301211357117e-01,-4.854862019419670105e-02,2.665349468588829041e-02,-8.061084896326065063e-03,-1.665806323289871216e-01,1.934550702571868896e-02,-1.089903339743614197e-01,5.335432663559913635e-02,1.699384152889251709e-01,2.804157510399818420e-02,-8.044671267271041870e-03,1.709866523742675781e-01,2.902705967426300049e-02,-1.713364571332931519e-02,6.253977119922637939e-02,2.573616802692413330e-02,-1.304953545331954956e-01,9.178453125059604645e-03,-1.955877691507339478e-01,3.666709735989570618e-02,-3.059215471148490906e-02,-5.273994058370590210e-02,3.684913367033004761e-02,6.790090352296829224e-02,-1.819923967123031616e-01,3.064852952957153320e-02,1.326914131641387939e-02,-9.088090062141418457e-02,-1.104518696665763855e-01,8.068796992301940918e-02,-1.976739168167114258e-01,-8.342459052801132202e-02,1.253206282854080200e-01,-2.588373422622680664e-01,1.878939568996429443e-01,1.340411454439163208e-01,8.636782318353652954e-02,1.254910528659820557e-01,9.539347887039184570e-02,4.551066830754280090e-02,-5.022317171096801758e-02,7.502470165491104126e-02,-5.980337411165237427e-02,-3.513062745332717896e-02,1.171379461884498596e-01,-1.291979011148214340e-02,1.256794035434722900e-01,4.653614386916160583e-02,1.100000000000000000e+01
-9.030748903751373291e-02,1.251262277364730835e-01,4.143926501274108887e-02,-7.387546449899673462e-02,-3.994755446910858154e-02,-2.257181890308856964e-02,-7.914373651146888733e-03,-7.835319638252258301e-02,1.169430762529373169e-01,-9.425374865531921387e-02,2.450986504554748535e-01,-6.499734520912170410e-02,-2.836087644100189209e-01,-6.353817135095596313e-02,-3.233371768146753311e-03,1.401247680187225342e-01,-1.205178648233413696e-01,-1.256392896175384521e-01,-9.877235442399978638e-02,-6.127640232443809509e-02,2.541478164494037628e-02,1.571813672780990601e-01,1.009462252259254456e-01,3.805478289723396301e-02,-7.057351619005203247e-02,-3.737006187438964844e-01,-1.030741408467292786e-01,-7.847426086664199829e-02,2.108612656593322754e-02,-2.857211977243423462e-02,3.361891955137252808e-02,5.678955093026161194e-02,-9.370128810405731201e-02,-4.328825324773788452e-02,8.231154829263687134e-02,3.062850609421730042e-02,-1.175985187292098999e-01,-8.152076601982116699e-02,2.532613575458526611e-01,9.570037573575973511e-02,-1.425835341215133667e-01,7.738950848579406738e-02,4.052492231130599976e-02,3.759098052978515625e-01,1.338521689176559448e-01,1.766441203653812408e-02,8.341266214847564697e-02,-1.053621992468833923e-01,6.544288247823715210e-02,-3.103892505168914795e-01,1.506362855434417725e-01,1.378618329763412476e-01,1.499526798725128174e-01,2.169988118112087250e-02,1.180911511182785034e-01,-1.110930740833282471e-01,-3.174015879631042480e-02,1.739577949047088623e-01,-1.908768266439437866e-01,1.608807891607284546e-01,8.966913819313049316e-02,5.161133594810962677e-03,-3.279343247413635254e-02,-6.311469525098800659e-02,2.059589028358459473e-01,1.357132196426391602e-01,-1.654642820358276367e-01,-7.685150951147079468e-02,1.851172447204589844e-01,-1.119579374790191650e-01,-9.565157443284988403e-02,8.532921969890594482e-02,-1.453053355216979980e-01,-2.056396603584289551e-01,-2.142042517662048340e-01,9.226703643798828125e-02,4.019772410392761230e-01,1.413652300834655762e-01,-1.484439373016357422e-01,-2.730360999703407288e-02,-1.892342045903205872e-02,2.655959501862525940e-02,2.094075642526149750e-02,1.169541180133819580e-01,-1.627923995256423950e-01,-6.887475401163101196e-02,-5.148294940590858459e-02,5.308520421385765076e-02,1.905266344547271729e-01,-8.013819344341754913e-03,-1.481761634349822998e-01,3.091272413730621338e-01,6.767418980598449707e-02,4.329243674874305725e-02,7.531058788299560547e-02,7.570869289338588715e-03,-1.808414608240127563e-02,-9.557300060987472534e-02,-1.839399933815002441e-01,-2.149963378906250000e-02,1.191577594727277756e-02,-1.262516677379608154e-01,-3.540251404047012329e-02,1.259090900421142578e-01,-1.616515815258026123e-01,1.723493188619613647e-01,-1.823117025196552277e-02,-5.120342969894409180e-02,2.166462689638137817e-02,7.012805342674255371e-02,-8.438512682914733887e-02,-1.602864451706409454e-02,1.289457231760025024e-01,-2.124087661504745483e-01,1.424694508314132690e-01,1.728195697069168091e-01,1.344784945249557495e-01,1.379338651895523071e-01,9.119545668363571167e-02,2.193119004368782043e-02,7.177648693323135376e-02,-3.851200267672538757e-02,-1.517157256603240967e-01,-1.022099927067756653e-01,8.316230773925781250e-02,5.442012473940849304e-02,4.228354617953300476e-02,5.580295249819755554e-02,1.200000000000000000e+01
-1.200954020023345947e-01,7.103341072797775269e-02,6.763515621423721313e-02,-1.235495787113904953e-02,-6.753747910261154175e-02,6.707293540239334106e-02,-7.401505112648010254e-02,-6.647273898124694824e-02,1.655291467905044556e-01,-7.931990548968315125e-04,1.217951402068138123e-01,3.994528949260711670e-02,-1.893061548471450806e-01,5.401486530900001526e-02,-3.647184371948242188e-02,1.326402276754379272e-01,-1.832557916641235352e-01,-1.307757347822189331e-01,-1.839414983987808228e-02,-5.709749460220336914e-02,5.277973599731922150e-03,8.348347991704940796e-02,-8.472925424575805664e-02,3.757200762629508972e-02,-1.430236697196960449e-01,-3.420161604881286621e-01,-1.402114480733871460e-01,-6.845034658908843994e-02,3.203963488340377808e-02,-1.041275635361671448e-01,3.648892417550086975e-02,-2.732906863093376160e-02,-2.040274441242218018e-01,6.546907871961593628e-02,1.573230512440204620e-02,7.629210501909255981e-02,-3.687904030084609985e-02,-3.107675537467002869e-02,2.028367668390274048e-01,1.005353182554244995e-01,-1.365824639797210693e-01,8.700244128704071045e-02,4.913090914487838745e-02,2.533145248889923096e-01,1.208297163248062134e-01,2.356697246432304382e-02,3.764764592051506042e-02,-4.023971036076545715e-02,9.965294599533081055e-02,-2.572630941867828369e-01,9.707623720169067383e-02,1.743490844964981079e-01,1.057078316807746887e-01,1.278032809495925903e-01,-2.078893594443798065e-02,-1.303312629461288452e-01,-6.094467639923095703e-02,1.029562652111053467e-01,-2.125030159950256348e-01,2.080818116664886475e-01,1.177491471171379089e-01,-8.827294409275054932e-02,-9.149960428476333618e-02,-2.874556928873062134e-02,1.663040220737457275e-01,1.940211057662963867e-01,-1.489440202713012695e-01,-2.059419155120849609e-01,1.065735816955566406e-01,-1.932813525199890137e-01,-5.943034589290618896e-02,4.614101350307464600e-02,-6.283678859472274780e-02,-1.664755642414093018e-01,-2.804030179977416992e-01,1.151226311922073364e-01,4.444391727447509766e-01,6.472109258174896240e-02,-1.908505856990814209e-01,-2.494004741311073303e-02,-5.585688352584838867e-02,-2.760036662220954895e-02,4.440220072865486145e-02,6.622664630413055420e-02,-7.206404954195022583e-02,-3.491979837417602539e-02,-3.748553246259689331e-02,8.638859540224075317e-02,2.648909091949462891e-01,7.392379641532897949e-02,-7.833985611796379089e-03,1.947476863861083984e-01,3.525420092046260834e-03,1.082227230072021484e-01,-1.751176826655864716e-02,1.451730728149414062e-01,-1.455030683428049088e-02,-6.495898962020874023e-02,-3.020468726754188538e-02,5.675930529832839966e-02,-3.685743361711502075e-02,-4.732934758067131042e-02,2.025253884494304657e-02,8.808962255716323853e-02,-1.283089071512222290e-01,2.700891494750976562e-01,3.151691332459449768e-02,-3.379797935485839844e-02,-9.859047830104827881e-03,1.172728985548019409e-01,-1.545075327157974243e-01,-1.499911420978605747e-03,2.144791334867477417e-01,-2.895534634590148926e-01,2.724023163318634033e-01,1.427018195390701294e-01,-2.345539070665836334e-02,9.540388733148574829e-02,2.580201253294944763e-04,1.335902065038681030e-01,-5.427065491676330566e-02,-1.014073565602302551e-02,-1.597119718790054321e-01,-7.821510732173919678e-02,-2.318423427641391754e-02,-5.790548399090766907e-02,1.048638485372066498e-02,5.090371891856193542e-02,2.000000000000000000e+00
-8.497419953346252441e-02,-1.499179191887378693e-02,1.012131497263908386e-01,-1.142165437340736389e-01,-1.055904254317283630e-01,2.242250926792621613e-02,-6.548029184341430664e-02,-4.783275723457336426e-02,1.287743449211120605e-01,-1.437426060438156128e-01,2.247900068759918213e-01,-6.450820714235305786e-02,-2.261867970228195190e-01,4.839821532368659973e-02,-5.943264812231063843e-02,2.126159369945526123e-01,-1.461591273546218872e-01,-1.439799219369888306e-01,-1.153008732944726944e-02,2.910863608121871948e-03,4.182329867035150528e-03,7.176632527261972427e-03,1.696293056011199951e-02,8.608872443437576294e-02,-1.508500725030899048e-01,-4.632902145385742188e-01,-4.513416066765785217e-02,2.114028856158256531e-02,-9.516248852014541626e-02,-3.533377125859260559e-02,-1.469771005213260651e-02,1.374048441648483276e-01,-2.324590981006622314e-01,7.218304276466369629e-02,6.786855868995189667e-03,9.393040835857391357e-02,-4.810326173901557922e-02,-9.825691580772399902e-02,1.557496041059494019e-01,1.112496182322502136e-01,-3.290575146675109863e-01,1.313333120197057724e-02,4.674101620912551880e-02,3.339890241622924805e-01,2.344351261854171753e-01,-1.801145495846867561e-03,2.933932468295097351e-03,1.755941659212112427e-02,6.682103127241134644e-02,-3.279339075088500977e-01,4.268800467252731323e-02,1.420064866542816162e-01,6.042264401912689209e-02,-5.054816603660583496e-02,2.864617295563220978e-02,-8.166611939668655396e-02,-1.105502713471651077e-02,1.462499797344207764e-01,-1.802531927824020386e-01,1.222335617057979107e-03,1.528958696871995926e-02,-6.985256820917129517e-02,4.209071397781372070e-02,-1.372817158699035645e-01,2.169237881898880005e-01,1.396263539791107178e-01,-1.757471412420272827e-01,-6.730031222105026245e-02,1.273367404937744141e-01,-1.203825250267982483e-01,-2.383665740489959717e-02,-4.354208242148160934e-03,-1.746113300323486328e-01,-2.644452750682830811e-01,-3.532641828060150146e-01,-2.897430211305618286e-03,3.349262177944183350e-01,1.605041176080703735e-01,-1.454071402549743652e-01,7.873141020536422729e-02,-1.523970626294612885e-02,4.698139429092407227e-02,5.767475813627243042e-02,1.810197532176971436e-01,6.645303219556808472e-04,5.442308261990547180e-02,-4.736660793423652649e-02,4.683983325958251953e-02,1.974547058343887329e-01,4.121108911931514740e-03,-7.963690906763076782e-02,2.794811725616455078e-01,-7.917661964893341064e-02,-6.754578649997711182e-02,-1.137537881731987000e-03,8.817302435636520386e-02,-9.842963516712188721e-02,-2.475655265152454376e-02,-1.892980486154556274e-01,-5.308106169104576111e-02,-4.171893000602722168e-02,-2.374501433223485947e-03,8.601662702858448029e-03,1.720583140850067139e-01,-2.886616885662078857e-01,1.627236604690551758e-01,-4.208239912986755371e-02,7.087714038789272308e-03,7.024390250444412231e-02,4.594597965478897095e-02,-5.796959996223449707e-02,-7.596331089735031128e-02,5.677101388573646545e-02,-2.704642415046691895e-01,7.063762843608856201e-02,2.089778035879135132e-01,6.248122453689575195e-02,1.492681056261062622e-01,9.383237361907958984e-02,-3.329806774854660034e-02,6.725299172103404999e-03,-2.236118912696838379e-02,-1.849682182073593140e-01,-5.000507831573486328e-02,4.543836414813995361e-02,-1.453173905611038208e-02,9.365697950124740601e-02,4.986538365483283997e-02,3.000000000000000000e+00
-1.431097239255905151e-01,8.344841003417968750e-02,2.345207333564758301e-02,1.150184310972690582e-02,-1.257400065660476685e-01,3.479801118373870850e-02,1.499190460890531540e-02,-1.057555675506591797e-01,1.107903048396110535e-01,-9.481479227542877197e-02,2.194901704788208008e-01,-9.427400678396224976e-02,-3.380842208862304688e-01,-5.292726308107376099e-02,-1.549101062119007111e-02,1.132819056510925293e-01,-8.587846159934997559e-02,-1.089445948600769043e-01,-1.665117740631103516e-01,-1.199823468923568726e-01,1.045735701918601990e-01,9.113235026597976685e-02,-6.866723299026489258e-02,4.568708315491676331e-02,-1.379382908344268799e-01,-3.362749814987182617e-01,-2.087345346808433533e-02,-9.642035514116287231e-02,5.895679444074630737e-02,-1.085603833198547363e-01,-5.593794211745262146e-02,1.124046742916107178e-01,-8.361714333295822144e-02,-1.583405211567878723e-02,4.888452589511871338e-02,2.224564179778099060e-02,1.080054789781570435e-02,-8.030522614717483521e-02,2.094088196754455566e-01,-4.224863275885581970e-02,-1.238041669130325317e-01,2.346150763332843781e-02,8.034776896238327026e-02,2.866885364055633545e-01,9.249144792556762695e-02,3.596658259630203247e-02,2.447284758090972900e-02,-6.246646493673324585e-02,1.687350273132324219e-01,-2.063468545675277710e-01,8.927751332521438599e-03,1.624293625354766846e-01,1.630263179540634155e-01,4.861967638134956360e-02,1.139685064554214478e-01,-1.931996345520019531e-01,6.359364837408065796e-03,1.309862136840820312e-01,-2.944099307060241699e-01,1.061211749911308289e-01,7.400338351726531982e-02,-1.739912182092666626e-01,-6.632099300622940063e-02,-1.526281237602233887e-01,2.357106506824493408e-01,5.010622739791870117e-02,-1.301527023315429688e-01,-1.086055189371109009e-01,2.025386095046997070e-01,-1.357732415199279785e-01,-2.457388676702976227e-02,2.195769920945167542e-02,-1.230955421924591064e-01,-1.592728644609451294e-01,-2.054108530282974243e-01,8.000826835632324219e-02,3.762392699718475342e-01,1.896148622035980225e-01,-1.949093937873840332e-01,5.317766219377517700e-02,-4.702820628881454468e-02,-8.143258094787597656e-02,1.514275185763835907e-02,3.727611526846885681e-02,-9.932431578636169434e-02,-7.859119027853012085e-02,-7.934207469224929810e-02,3.692297637462615967e-02,2.042558491230010986e-01,3.329476341605186462e-02,4.817338287830352783e-02,2.794342339038848877e-01,5.946637317538261414e-02,-7.533925771713256836e-02,1.285759173333644867e-02,-4.782745987176895142e-02,-1.895442157983779907e-01,-7.065288722515106201e-02,-2.283899858593940735e-02,1.964884251356124878e-02,-1.195722818374633789e-02,-2.067566663026809692e-01,6.128776818513870239e-02,6.654647737741470337e-02,-2.009444236755371094e-01,1.904350817203521729e-01,-6.562236696481704712e-02,9.414547123014926910e-03,-2.660495042800903320e-02,-5.054243281483650208e-02,-8.980751037597656250e-02,4.091905429959297180e-02,1.508822888135910034e-01,-2.983567118644714355e-01,1.523972749710083008e-01,8.948445320129394531e-02,1.774694174528121948e-01,1.724439114332199097e-01,-5.960495211184024811e-03,6.232095882296562195e-02,1.710914075374603271e-02,1.008645258843898773e-02,-2.144058197736740112e-01,-1.454660147428512573e-01,1.328753829002380371e-01,-1.199490949511528015e-01,4.278245940804481506e-02,7.360021024942398071e-02,4.000000000000000000e+00
-1.645506243221461773e-03,5.580456554889678955e-02,5.165962129831314087e-02,-1.039957329630851746e-01,-1.425878405570983887e-01,-2.717193588614463806e-02,-4.953689500689506531e-02,8.902249857783317566e-03,1.973751932382583618e-01,-1.958277672529220581e-01,1.391938775777816772e-01,-8.793286234140396118e-02,-3.408799469470977783e-01,-2.292558550834655762e-03,4.998836293816566467e-02,2.418118268251419067e-01,-9.714171290397644043e-02,-1.562494784593582153e-01,-1.072929874062538147e-01,-5.413843691349029541e-02,8.231252431869506836e-02,1.260078847408294678e-01,-7.029928267002105713e-02,4.078758135437965393e-02,-1.017089262604713440e-01,-3.642008006572723389e-01,-6.446980684995651245e-02,-6.350718438625335693e-02,-1.912534683942794800e-01,-1.017054393887519836e-01,2.225996740162372589e-02,8.198356628417968750e-02,-6.359627097845077515e-02,-2.085628919303417206e-02,7.264688611030578613e-02,1.822126097977161407e-02,-5.617801472544670105e-02,-1.585848033428192139e-01,1.640261411666870117e-01,7.302547246217727661e-02,-2.884093821048736572e-01,-2.145505696535110474e-02,1.317057609558105469e-01,2.512609362602233887e-01,1.983283758163452148e-01,3.712650015950202942e-02,-5.772911012172698975e-03,-8.975633233785629272e-02,1.986607462167739868e-01,-3.699453175067901611e-01,-2.737264893949031830e-02,8.946036547422409058e-02,8.215636014938354492e-02,5.440572649240493774e-02,1.075431704521179199e-01,-2.088811099529266357e-01,6.687743961811065674e-02,1.286442130804061890e-01,-3.198421001434326172e-01,-1.167543046176433563e-02,3.783382475376129150e-02,-1.755293011665344238e-01,-8.519767224788665771e-02,-8.263038098812103271e-02,2.519496977329254150e-01,9.202849864959716797e-02,-1.728783696889877319e-01,-1.528326570987701416e-01,1.680958569049835205e-01,-2.008142769336700439e-01,-8.446268737316131592e-02,7.940219342708587646e-02,-1.262856870889663696e-01,-2.300757169723510742e-01,-2.946377992630004883e-01,-2.580454573035240173e-02,3.184366524219512939e-01,1.304013580083847046e-01,-1.747943609952926636e-01,4.198982566595077515e-02,-2.479248493909835815e-02,2.633280307054519653e-02,1.181439589709043503e-02,1.546943485736846924e-01,6.047810241580009460e-02,-8.632712811231613159e-02,-8.905767649412155151e-02,-4.598511010408401489e-02,2.330605983734130859e-01,-1.176801919937133789e-01,2.227225527167320251e-02,3.114513158798217773e-01,3.907949104905128479e-02,-7.502022199332714081e-04,-2.460251003503799438e-02,3.646253049373626709e-02,-1.412434279918670654e-01,-2.893493883311748505e-02,-1.294303387403488159e-01,-1.570659875869750977e-02,-3.573634661734104156e-03,-7.923110574483871460e-02,-3.915239870548248291e-02,8.747823536396026611e-02,-2.625255286693572998e-01,1.905553042888641357e-01,-4.733729362487792969e-02,-5.667414143681526184e-02,-4.377167671918869019e-02,-8.492358773946762085e-02,-6.760274618864059448e-02,-1.621339470148086548e-02,1.432194411754608154e-01,-2.638104557991027832e-01,7.435114681720733643e-02,1.791115999221801758e-01,8.571658283472061157e-02,1.901979297399520874e-01,1.884931512176990509e-02,3.962596133351325989e-02,-2.739823888987302780e-03,-1.115362197160720825e-01,-2.887305617332458496e-01,-9.093591570854187012e-02,5.605725198984146118e-02,1.075095869600772858e-02,-3.100478276610374451e-02,3.738137334585189819e-02,5.000000000000000000e+00
-4.827059432864189148e-02,3.733280301094055176e-02,5.338534340262413025e-02,-6.845219433307647705e-02,-1.602767705917358398e-01,7.143988274037837982e-03,-3.575833886861801147e-02,-4.974252730607986450e-02,1.932679414749145508e-01,-1.484298706054687500e-01,2.285982370376586914e-01,-1.191704496741294861e-01,-1.776260435581207275e-01,5.851424485445022583e-02,-1.122835054993629456e-01,2.316709309816360474e-01,-1.265849471092224121e-01,-5.726558715105056763e-02,-6.110688671469688416e-02,4.675206728279590607e-03,7.637785375118255615e-02,7.624372839927673340e-02,-8.284606039524078369e-03,7.891837507486343384e-02,-9.945822507143020630e-02,-3.766011595726013184e-01,-7.421013712882995605e-02,-4.964728653430938721e-02,3.075145184993743896e-03,-8.278864622116088867e-02,-6.121284887194633484e-02,1.385717093944549561e-01,-1.122642904520034790e-01,-4.860796034336090088e-02,4.766934365034103394e-02,8.556368201971054077e-02,-4.558941349387168884e-02,-9.043958783149719238e-02,1.887527406215667725e-01,5.421536415815353394e-02,-2.856170535087585449e-01,4.652494937181472778e-02,5.531959980726242065e-02,2.712130844593048096e-01,1.275687068700790405e-01,1.849723979830741882e-02,3.790333122014999390e-02,-1.348020732402801514e-01,1.097219958901405334e-01,-2.312948554754257202e-01,8.462000638246536255e-03,9.225705265998840332e-02,7.363197207450866699e-02,3.465294837951660156e-02,1.938796788454055786e-02,-1.047113388776779175e-01,-1.843612641096115112e-02,1.403412222862243652e-01,-1.742237806320190430e-01,-3.109860233962535858e-03,1.087404191493988037e-01,-5.506519973278045654e-02,-1.579781062901020050e-03,-1.521512120962142944e-01,2.077910453081130981e-01,1.295175850391387939e-01,-1.162745356559753418e-01,-1.536049991846084595e-01,1.671931445598602295e-01,-1.158657968044281006e-01,-6.771746277809143066e-02,3.656639158725738525e-02,-1.390220671892166138e-01,-1.904766857624053955e-01,-2.319914549589157104e-01,2.639859914779663086e-02,4.286659955978393555e-01,1.351181566715240479e-01,-1.148971691727638245e-01,3.539516404271125793e-02,-1.705844141542911530e-02,-3.725183755159378052e-02,6.321551650762557983e-02,1.765449196100234985e-01,2.445608936250209808e-02,-2.174641937017440796e-03,1.893161237239837646e-02,6.873944401741027832e-02,1.937081515789031982e-01,-8.892591297626495361e-02,6.714100018143653870e-03,1.963433921337127686e-01,-1.008213125169277191e-02,6.554751843214035034e-02,-4.675164818763732910e-02,9.941654279828071594e-03,-1.280829608440399170e-01,1.085808724164962769e-01,-1.240003630518913269e-01,3.891868889331817627e-02,-1.625597104430198669e-02,2.591808885335922241e-02,6.118590012192726135e-02,1.299915462732315063e-01,-1.658480912446975708e-01,1.898646205663681030e-01,-4.896710813045501709e-02,-2.926468476653099060e-02,6.085484474897384644e-02,4.153092578053474426e-02,-6.053722649812698364e-02,-3.040150925517082214e-02,1.408609598875045776e-01,-1.951288729906082153e-01,1.360548436641693115e-01,1.291081458330154419e-01,8.985587954521179199e-02,1.234928816556930542e-01,9.984061121940612793e-02,6.905881315469741821e-02,7.466025650501251221e-02,-3.624503500759601593e-03,-2.860283553600311279e-01,-5.828712135553359985e-03,1.261104345321655273e-01,-8.648465573787689209e-02,2.903797850012779236e-02,-6.984909996390342712e-04,6.000000000000000000e+00
-1.979811489582061768e-01,3.512042015790939331e-02,7.144140452146530151e-02,-8.956419676542282104e-02,-7.201892137527465820e-02,3.430349379777908325e-02,-2.553037740290164948e-02,-8.192609995603561401e-03,1.635418087244033813e-01,-1.100044995546340942e-01,1.815432757139205933e-01,7.522176206111907959e-02,-1.811873316764831543e-01,-5.467892810702323914e-02,8.057125657796859741e-02,1.433363109827041626e-01,-1.500793546438217163e-01,-8.526883274316787720e-02,-1.080212891101837158e-01,-1.057266816496849060e-01,9.486476331949234009e-02,4.142843931913375854e-02,1.622755452990531921e-02,6.161632761359214783e-02,-2.042471319437026978e-01,-3.537375628948211670e-01,-6.806890666484832764e-02,-5.497447028756141663e-02,6.071883440017700195e-02,-6.425723433494567871e-02,-2.247324213385581970e-03,9.637125767767429352e-03,-1.835904121398925781e-01,-2.311401069164276123e-03,1.444705761969089508e-02,9.476730227470397949e-02,-2.700199931859970093e-02,-7.591818273067474365e-02,1.716570258140563965e-01,8.361368440091609955e-03,-1.996067166328430176e-01,1.062283441424369812e-01,8.872102946043014526e-03,2.477351278066635132e-01,2.037569582462310791e-01,1.982603408396244049e-02,2.603902295231819153e-02,-8.158249408006668091e-02,1.975850164890289307e-01,-2.496621608734130859e-01,1.259456127882003784e-01,9.321746975183486938e-02,1.867375224828720093e-01,5.525399744510650635e-02,7.488341629505157471e-02,-1.593115925788879395e-01,3.566995263099670410e-02,1.878837347030639648e-01,-2.368503957986831665e-01,6.122599914669990540e-02,-2.084723673760890961e-02,-1.025065109133720398e-01,-1.478512678295373917e-02,-8.481161296367645264e-02,1.243013069033622742e-01,1.223948448896408081e-01,-1.833732575178146362e-01,-1.067688018083572388e-01,9.735921770334243774e-02,-6.534378230571746826e-02,5.796684417873620987e-03,6.450822949409484863e-02,-1.780310422182083130e-01,-2.262999713420867920e-01,-3.764690160751342773e-01,1.173561662435531616e-01,3.730444908142089844e-01,1.982827335596084595e-01,-2.429611980915069580e-01,-3.953340277075767517e-02,-3.873074054718017578e-02,6.679873913526535034e-02,6.034374982118606567e-02,1.424131989479064941e-01,-1.212462112307548523e-01,-1.177439540624618530e-01,-2.422858402132987976e-02,8.785261213779449463e-02,1.314832419157028198e-01,3.726525232195854187e-02,-1.051731631159782410e-01,2.241446822881698608e-01,8.277732133865356445e-02,6.910294294357299805e-02,-6.387346982955932617e-02,9.358070045709609985e-02,-1.258756369352340698e-01,-5.685012415051460266e-02,-8.685751259326934814e-02,2.101127523928880692e-03,-3.111744299530982971e-03,-4.649732261896133423e-03,2.359993010759353638e-02,1.558926552534103394e-01,-2.256401330232620239e-01,2.462349981069564819e-01,1.005870383232831955e-02,-1.765467412769794464e-02,5.933269858360290527e-05,5.627426877617835999e-02,-8.771590143442153931e-02,-1.188226742669939995e-04,3.592164441943168640e-02,-2.734631896018981934e-01,1.753475368022918701e-01,2.691995501518249512e-01,5.676497891545295715e-02,2.028845101594924927e-01,7.321980595588684082e-02,6.738063879311084747e-03,4.755082540214061737e-03,2.536711469292640686e-02,-1.785801649093627930e-01,-2.347807027399539948e-02,1.238070204854011536e-01,-2.614393085241317749e-02,9.153775870800018311e-02,4.938553646206855774e-02,7.000000000000000000e+00
-4.462996870279312134e-02,7.293912768363952637e-02,1.544668227434158325e-01,-4.544625803828239441e-02,-1.708868145942687988e-01,-6.571120116859674454e-03,-2.358322963118553162e-03,-1.215339638292789459e-02,1.169242411851882935e-01,-1.190014630556106567e-01,1.746198534965515137e-01,-1.858137547969818115e-02,-2.402875274419784546e-01,8.573894202709197998e-02,3.675160929560661316e-02,1.919512003660202026e-01,-4.824980627745389938e-03,-1.769587397575378418e-01,-1.616963893175125122e-01,-8.039727807044982910e-02,-2.816613763570785522e-02,1.061557680368423462e-01,-3.581884130835533142e-02,3.172422200441360474e-02,-1.589842736721038818e-01,-1.996315568685531616e-01,-3.367722406983375549e-02,-3.592713922262191772e-02,2.882307954132556915e-02,-6.483155488967895508e-02,-2.277515456080436707e-02,1.682227402925491333e-01,-7.553088665008544922e-02,-3.075834363698959351e-03,7.542574405670166016e-02,1.109343171119689941e-01,-3.100964613258838654e-02,-1.282726526260375977e-01,2.314007282257080078e-01,-6.915683392435312271e-03,-2.779449224472045898e-01,1.172925345599651337e-02,1.199462488293647766e-01,2.306332886219024658e-01,1.726764589548110962e-01,1.756844809278845787e-03,7.613564282655715942e-02,-3.204615414142608643e-02,6.503535062074661255e-02,-3.231824040412902832e-01,1.002594269812107086e-02,8.203700929880142212e-02,7.155326008796691895e-02,6.644977629184722900e-02,5.586442351341247559e-02,-2.201177328824996948e-01,3.106356970965862274e-02,1.035405173897743225e-01,-1.637508422136306763e-01,3.165544569492340088e-02,5.361912027001380920e-02,-1.399846374988555908e-01,-5.385560914874076843e-02,-9.493553638458251953e-02,2.294339388608932495e-01,9.388914704322814941e-02,-1.033613309264183044e-01,-1.460212171077728271e-01,1.790008097887039185e-01,-2.002325654029846191e-01,-1.330975592136383057e-01,1.381691098213195801e-01,-1.175307333469390869e-01,-8.312737196683883667e-02,-2.431149333715438843e-01,-1.683529280126094818e-02,4.055545032024383545e-01,1.308286786079406738e-01,-1.780178993940353394e-01,8.928538858890533447e-02,1.954160258173942566e-02,-1.483074389398097992e-02,2.924263291060924530e-02,1.344343572854995728e-01,-1.074222289025783539e-02,-6.809750199317932129e-02,-6.876254826784133911e-02,-2.253998070955276489e-02,3.154116272926330566e-01,-5.759219452738761902e-02,2.282689139246940613e-02,1.905296593904495239e-01,1.094491928815841675e-01,1.024231873452663422e-02,-1.860294863581657410e-02,1.975904591381549835e-02,-3.011337667703628540e-02,-5.362305790185928345e-02,-9.919181466102600098e-02,5.602474324405193329e-03,-1.246008463203907013e-02,-2.185500413179397583e-02,-2.050627581775188446e-02,1.288259625434875488e-01,-2.106269001960754395e-01,1.798101067543029785e-01,-4.644982516765594482e-02,-1.616628654301166534e-02,9.031273424625396729e-03,4.872964695096015930e-02,-2.448891848325729370e-02,-3.122252225875854492e-02,1.728140860795974731e-01,-2.159006893634796143e-01,6.292339414358139038e-02,1.926431357860565186e-01,-2.267494238913059235e-02,6.410024315118789673e-02,1.008686497807502747e-01,1.032159924507141113e-01,6.993515789508819580e-02,1.688131876289844513e-02,-2.268223762512207031e-01,-1.202159747481346130e-01,8.408141136169433594e-02,-1.230615302920341492e-01,5.970237776637077332e-03,1.040256619453430176e-01,8.000000000000000000e+00
-1.472946554422378540e-01,9.992559999227523804e-02,-5.206701904535293579e-02,-7.889664173126220703e-02,-2.435077913105487823e-02,-7.263379544019699097e-02,1.567946188151836395e-02,-6.791897118091583252e-02,1.458904594182968140e-01,-1.802740059792995453e-02,2.839387953281402588e-01,-5.039430037140846252e-02,-2.978751957416534424e-01,-9.874869138002395630e-02,-1.748875528573989868e-02,1.105654537677764893e-01,-1.761018633842468262e-01,-1.344740577042102814e-02,-9.838973730802536011e-02,-7.409293204545974731e-03,1.288151592016220093e-01,4.732232913374900818e-02,3.956089168787002563e-02,9.319437295198440552e-02,-8.605188131332397461e-02,-2.905841469764709473e-01,-1.254818439483642578e-01,-1.194979026913642883e-01,-6.576457992196083069e-03,-8.304003626108169556e-02,8.623880147933959961e-02,6.315756589174270630e-02,-1.222957372665405273e-01,-8.418656885623931885e-02,4.881079867482185364e-02,4.326794669032096863e-02,-1.164239346981048584e-01,-1.344014331698417664e-02,2.281272113323211670e-01,-2.154177427291870117e-02,-1.280543208122253418e-01,-9.505049884319305420e-02,7.404100149869918823e-02,2.733312547206878662e-01,1.236397325992584229e-01,9.252385236322879791e-03,2.230170369148254395e-02,-8.631897717714309692e-02,1.007721871137619019e-01,-2.712052464485168457e-01,-2.862434275448322296e-02,1.627970486879348755e-01,1.988891512155532837e-01,9.195616096258163452e-02,6.881641596555709839e-02,-1.096841171383857727e-01,8.532068878412246704e-02,1.979430913925170898e-01,-3.358867168426513672e-01,9.263084083795547485e-02,7.032556831836700439e-02,-1.379448026418685913e-01,-9.847597032785415649e-02,-3.467769548296928406e-02,1.765618771314620972e-01,1.031141504645347595e-01,-2.199316471815109253e-01,-1.274199634790420532e-01,1.585557758808135986e-01,-1.625430434942245483e-01,-2.170150727033615112e-02,1.557710915803909302e-01,-1.015657484531402588e-01,-3.256930708885192871e-01,-2.758885324001312256e-01,4.913828521966934204e-02,3.709726631641387939e-01,1.728403270244598389e-01,-1.410472691059112549e-01,-2.524844743311405182e-02,-3.902723267674446106e-02,-4.999644681811332703e-02,1.841337047517299652e-02,7.901171594858169556e-02,-1.278629153966903687e-01,-3.336062282323837280e-02,-1.090720370411872864e-01,5.254000425338745117e-02,7.454263418912887573e-02,-4.803795740008354187e-02,-9.827649220824241638e-03,2.541943788528442383e-01,2.991912513971328735e-02,6.966482847929000854e-02,1.310754939913749695e-02,7.109081745147705078e-02,-8.254593610763549805e-02,-2.181848138570785522e-02,-1.000072136521339417e-01,8.076338469982147217e-02,1.784376800060272217e-04,-1.546229124069213867e-01,2.001402527093887329e-02,3.950616717338562012e-02,-4.205293208360671997e-02,1.733217388391494751e-01,-2.233025385066866875e-03,-4.269359260797500610e-02,-8.677115291357040405e-02,-5.905769020318984985e-02,-1.173769310116767883e-01,-2.866729721426963806e-02,1.377724707126617432e-01,-2.585084438323974609e-01,1.691195666790008545e-01,1.414615064859390259e-01,2.588030695915222168e-02,1.485746204853057861e-01,4.809463769197463989e-02,9.529799968004226685e-02,-1.971738785505294800e-02,-7.110071182250976562e-02,-1.762152612209320068e-01,-5.470756441354751587e-02,7.927936315536499023e-02,-3.984837606549263000e-02,4.475254192948341370e-02,-8.973225951194763184e-02,9.000000000000000000e+00
